{
  "tracks": {
    "0": [
      {"player_id": 1, "bbox": [120, 180, 170, 330], "confidence": 0.91, "timestamp": 0.0},
      {"player_id": 2, "bbox": [280, 160, 330, 310], "confidence": 0.88, "timestamp": 0.0},
      {"player_id": 3, "bbox": [420, 140, 470, 290], "confidence": 0.85, "timestamp": 0.0}
    ],
    "30": [
      {"player_id": 1, "bbox": [125, 185, 175, 335], "confidence": 0.89, "timestamp": 1.0},
      {"player_id": 2, "bbox": [275, 155, 325, 305], "confidence": 0.92, "timestamp": 1.0},
      {"player_id": 3, "bbox": [415, 145, 465, 295], "confidence": 0.87, "timestamp": 1.0}
    ],
    "60": [
      {"player_id": 1, "bbox": [130, 190, 180, 340], "confidence": 0.93, "timestamp": 2.0},
      {"player_id": 3, "bbox": [410, 150, 460, 300], "confidence": 0.86, "timestamp": 2.0},
      {"player_id": 4, "bbox": [200, 170, 250, 320], "confidence": 0.84, "timestamp": 2.0}
    ],
    "90": [
      {"player_id": 1, "bbox": [135, 195, 185, 345], "confidence": 0.90, "timestamp": 3.0},
      {"player_id": 2, "bbox": [270, 150, 320, 300], "confidence": 0.94, "timestamp": 3.0},
      {"player_id": 3, "bbox": [405, 155, 455, 305], "confidence": 0.88, "timestamp": 3.0},
      {"player_id": 4, "bbox": [195, 175, 245, 325], "confidence": 0.86, "timestamp": 3.0}
    ],
    "120": [
      {"player_id": 1, "bbox": [140, 200, 190, 350], "confidence": 0.87, "timestamp": 4.0},
      {"player_id": 2, "bbox": [265, 145, 315, 295], "confidence": 0.91, "timestamp": 4.0},
      {"player_id": 4, "bbox": [190, 180, 240, 330], "confidence": 0.89, "timestamp": 4.0},
      {"player_id": 5, "bbox": [350, 130, 400, 280], "confidence": 0.83, "timestamp": 4.0}
    ],
    "150": [
      {"player_id": 1, "bbox": [145, 205, 195, 355], "confidence": 0.92, "timestamp": 5.0},
      {"player_id": 2, "bbox": [260, 140, 310, 290], "confidence": 0.93, "timestamp": 5.0},
      {"player_id": 3, "bbox": [400, 160, 450, 310], "confidence": 0.85, "timestamp": 5.0},
      {"player_id": 4, "bbox": [185, 185, 235, 335], "confidence": 0.88, "timestamp": 5.0},
      {"player_id": 5, "bbox": [345, 135, 395, 285], "confidence": 0.87, "timestamp": 5.0}
    ]
  },
  "player_statistics": {
    "1": {
      "total_detections": 78,
      "avg_confidence": 0.902,
      "track_duration": 15.0,
      "last_seen": 15.0,
      "reid_events": 0,
      "continuous_tracking": true
    },
    "2": {
      "total_detections": 65,
      "avg_confidence": 0.913,
      "track_duration": 13.5,
      "last_seen": 15.0,
      "reid_events": 1,
      "gap_duration": 1.0
    },
    "3": {
      "total_detections": 58,
      "avg_confidence": 0.868,
      "track_duration": 12.8,
      "last_seen": 15.0,
      "reid_events": 2,
      "gap_duration": 2.3
    },
    "4": {
      "total_detections": 42,
      "avg_confidence": 0.875,
      "track_duration": 9.2,
      "last_seen": 15.0,
      "reid_events": 0,
      "continuous_tracking": true
    },
    "5": {
      "total_detections": 25,
      "avg_confidence": 0.851,
      "track_duration": 6.8,
      "last_seen": 15.0,
      "reid_events": 0,
      "continuous_tracking": true
    }
  },
  "tracking_quality": {
    "total_unique_players": 5,
    "average_confidence": 0.882,
    "tracking_stability": 0.934,
    "reid_success_rate": 85.7,
    "frame_coverage": 98.3
  },
  "reid_performance": {
    "total_reid_attempts": 3,
    "successful_reids": 3,
    "failed_reids": 0,
    "avg_reid_confidence": 0.874,
    "reid_latency_avg": 12.3,
    "temporal_consistency": 0.921
  },
  "metadata": {
    "input_video": "15sec_input_729p.mp4",
    "output_video": "tracked_output.mp4",
    "processing_time": 28.7,
    "model_used": "data/best.pt",
    "timestamp": "2025-06-13 00:39:10",
    "total_frames": 450,
    "fps": 30,
    "video_duration": 15.0,
    "resolution": "1296x729"
  }
}
